"OBJECTID","ID_0","ISO","NAME_0","ID_1","NAME_1","ID_2","NAME_2","HASC_2","CCN_2","CCA_2","TYPE_2","ENGTYPE_2","NL_NAME_2","VARNAME_2"
1,181,"POL","Poland",1,"Lódz",1,"Lódz East","",NA,"","Powiat","County","","Powiat Lódzki Wschodni"
2,181,"POL","Poland",1,"Lódz",2,"Lódz","",NA,"","Powiat","City","",""
3,181,"POL","Poland",1,"Lódz",3,"Lask","",NA,"","Powiat","County","","Powiat Laski"
4,181,"POL","Poland",1,"Lódz",4,"Leczyca","",NA,"","Powiat","County","","Powiat Leczycki"
5,181,"POL","Poland",1,"Lódz",5,"Lowicz","",NA,"","Powiat","County","","Powiat Lowicki"
6,181,"POL","Poland",1,"Lódz",6,"Belchatów","",NA,"","Powiat","County","","Powiat Belchatowski"
7,181,"POL","Poland",1,"Lódz",7,"Brzeziny","",NA,"","Powiat","County","","Powiat Brzezinski"
8,181,"POL","Poland",1,"Lódz",8,"Kutno","",NA,"","Powiat","County","","Powiat Kutnowski"
9,181,"POL","Poland",1,"Lódz",9,"Opoczno","",NA,"","Powiat","County","","Powiat Opoczynski"
10,181,"POL","Poland",1,"Lódz",10,"Pabianice","",NA,"","Powiat","County","","Powiat Pabianicki"
11,181,"POL","Poland",1,"Lódz",11,"Pajeczno","",NA,"","Powiat","County","","Powiat Pajeczanski"
12,181,"POL","Poland",1,"Lódz",12,"Piotrków Trybunalski","",NA,"","Powiat","City","",""
13,181,"POL","Poland",1,"Lódz",13,"Piotrków","",NA,"","Powiat","County","","Powiat Piotrkowski"
14,181,"POL","Poland",1,"Lódz",14,"Poddebice","",NA,"","Powiat","County","","Powiat Poddebicki"
15,181,"POL","Poland",1,"Lódz",15,"Radomsko","",NA,"","Powiat","County","","Powiat Radomszczanski"
16,181,"POL","Poland",1,"Lódz",16,"Rawa","",NA,"","Powiat","County","","Powiat Rawski"
17,181,"POL","Poland",1,"Lódz",17,"Sieradz","",NA,"","Powiat","County","","Powiat Sieradzki"
18,181,"POL","Poland",1,"Lódz",18,"Skierniewice City","",NA,"","Powiat","City","","Skierniewice"
19,181,"POL","Poland",1,"Lódz",19,"Skierniewice","",NA,"","Powiat","County","","Powiat Skierniewicki"
20,181,"POL","Poland",1,"Lódz",20,"Tomaszów Mazowiecki","",NA,"","Powiat","County","","Powiat Tomaszowski"
21,181,"POL","Poland",1,"Lódz",21,"Wielun","",NA,"","Powiat","County","","Powiat Wielunski"
22,181,"POL","Poland",1,"Lódz",22,"Wieruszów","",NA,"","Powiat","County","","Powiat Wieruszowski"
23,181,"POL","Poland",1,"Lódz",23,"Zdunska Wola","",NA,"","Powiat","County","","Powiat Zdunskowolski"
24,181,"POL","Poland",1,"Lódz",24,"Zgierz","",NA,"","Powiat","County","","Powiat Zgierski"
25,181,"POL","Poland",2,"Swietokrzyskie",25,"Busko","",NA,"","Powiat","County","","Powiat Buski"
26,181,"POL","Poland",2,"Swietokrzyskie",26,"Jedrzejów","",NA,"","Powiat","County","","Powiat Jedrzejowski"
27,181,"POL","Poland",2,"Swietokrzyskie",27,"Kazimierza","",NA,"","Powiat","County","","Powiat Kazimierski"
28,181,"POL","Poland",2,"Swietokrzyskie",28,"Kielce City","",NA,"","Powiat","City","",""
29,181,"POL","Poland",2,"Swietokrzyskie",29,"Kielce","",NA,"","Powiat","County","","Powiat Kielecki"
30,181,"POL","Poland",2,"Swietokrzyskie",30,"Konskie","",NA,"","Powiat","County","","Powiat Konecki"
31,181,"POL","Poland",2,"Swietokrzyskie",31,"Opatów","",NA,"","Powiat","County","","Powiat Opatowski"
32,181,"POL","Poland",2,"Swietokrzyskie",32,"Ostrowiec","",NA,"","Powiat","County","","Powiat Ostrowiecki"
33,181,"POL","Poland",2,"Swietokrzyskie",33,"Pinczów","",NA,"","Powiat","County","","Powiat Pinczowski"
34,181,"POL","Poland",2,"Swietokrzyskie",34,"Sandomierz","",NA,"","Powiat","County","","Powiat Sandomierski"
35,181,"POL","Poland",2,"Swietokrzyskie",35,"Skarzysko","",NA,"","Powiat","County","","Powiat Skarzyski"
36,181,"POL","Poland",2,"Swietokrzyskie",36,"Starachowice","",NA,"","Powiat","County","","Powiat Starachowicki"
37,181,"POL","Poland",2,"Swietokrzyskie",37,"Staszów","",NA,"","Powiat","County","","Powiat Staszowski"
38,181,"POL","Poland",2,"Swietokrzyskie",38,"Wloszczowa","",NA,"","Powiat","County","","Powiat Wloszczowski"
39,181,"POL","Poland",3,"Greater Poland",39,"Srem","",NA,"","Powiat","County","","Powiat Sremski"
40,181,"POL","Poland",3,"Greater Poland",40,"Sroda Wielkopolska","",NA,"","Powiat","County","","Powiat Sredzki"
41,181,"POL","Poland",3,"Greater Poland",41,"Chodziez","",NA,"","Powiat","County","","Powiat Chodzieski"
42,181,"POL","Poland",3,"Greater Poland",42,"Czarnków-Trzcianka","",NA,"","Powiat","County","","Powiat Czarnkówsko-Trzcianecki"
43,181,"POL","Poland",3,"Greater Poland",43,"Gniezno","",NA,"","Powiat","County","","Powiat Gnieznienski"
44,181,"POL","Poland",3,"Greater Poland",44,"Gostyn","",NA,"","Powiat","County","","Powiat Gostynski"
45,181,"POL","Poland",3,"Greater Poland",45,"Grodzisk Wielkopolski","",NA,"","Powiat","County","","Powiat Grodziski"
46,181,"POL","Poland",3,"Greater Poland",46,"Jarocin","",NA,"","Powiat","County","","Powiat Jarocinski"
47,181,"POL","Poland",3,"Greater Poland",47,"Kalisz City","",NA,"","Powiat","City","",""
48,181,"POL","Poland",3,"Greater Poland",48,"Kalisz","",NA,"","Powiat","County","","Powiat Kaliski"
49,181,"POL","Poland",3,"Greater Poland",49,"Kepno","",NA,"","Powiat","County","","Powiat Kepinski"
50,181,"POL","Poland",3,"Greater Poland",50,"Kolo","",NA,"","Powiat","County","","Powiat Kolski"
51,181,"POL","Poland",3,"Greater Poland",51,"Koscian","",NA,"","Powiat","County","","Powiat Koscianski"
52,181,"POL","Poland",3,"Greater Poland",52,"Konin City","",NA,"","Powiat","City","",""
53,181,"POL","Poland",3,"Greater Poland",53,"Konin","",NA,"","Powiat","County","","Powiat Koninski"
54,181,"POL","Poland",3,"Greater Poland",54,"Krotoszyn","",NA,"","Powiat","County","","Powiat Krotoszynski"
55,181,"POL","Poland",3,"Greater Poland",55,"Leszno City","",NA,"","Powiat","City","","Lissa"
56,181,"POL","Poland",3,"Greater Poland",56,"Leszno","",NA,"","Powiat","County","","Powiat Leszczynski"
57,181,"POL","Poland",3,"Greater Poland",57,"Miedzychód","",NA,"","Powiat","County","","Powiat Miedzychodzki"
58,181,"POL","Poland",3,"Greater Poland",58,"Nowy Tomysl","",NA,"","Powiat","County","","Powiat Nowotomyski"
59,181,"POL","Poland",3,"Greater Poland",59,"Oborniki","",NA,"","Powiat","County","","Powiat Obornicki"
60,181,"POL","Poland",3,"Greater Poland",60,"Ostrów Wielkopolski","",NA,"","Powiat","County","","Powiat Ostrowski"
61,181,"POL","Poland",3,"Greater Poland",61,"Ostrzeszów","",NA,"","Powiat","County","","Powiat Ostrzeszowski"
62,181,"POL","Poland",3,"Greater Poland",62,"Pila","",NA,"","Powiat","County","","Powiat Pilski"
63,181,"POL","Poland",3,"Greater Poland",63,"Pleszew","",NA,"","Powiat","County","","Powiat Pleszewski"
64,181,"POL","Poland",3,"Greater Poland",64,"Poznan City","",NA,"","Powiat","City","","Posen"
65,181,"POL","Poland",3,"Greater Poland",65,"Poznan","",NA,"","Powiat","County","","Powiat Poznanski"
66,181,"POL","Poland",3,"Greater Poland",66,"Rawicz","",NA,"","Powiat","County","","Powiat Rawicki"
67,181,"POL","Poland",3,"Greater Poland",67,"Slupca","",NA,"","Powiat","County","","Powiat Slupecki"
68,181,"POL","Poland",3,"Greater Poland",68,"Szamotuly","",NA,"","Powiat","County","","Powiat Szamotulski"
69,181,"POL","Poland",3,"Greater Poland",69,"Turek","",NA,"","Powiat","County","","Powiat Turecki"
70,181,"POL","Poland",3,"Greater Poland",70,"Wagrowiec","",NA,"","Powiat","County","","Powiat Wagrowiecki"
71,181,"POL","Poland",3,"Greater Poland",71,"Wolsztyn","",NA,"","Powiat","County","","Powiat Wolsztynski"
72,181,"POL","Poland",3,"Greater Poland",72,"Wrzesnia","",NA,"","Powiat","County","","Powiat Wrzesinski"
73,181,"POL","Poland",3,"Greater Poland",73,"Zlotów","",NA,"","Powiat","County","","Powiat Zlotówski"
74,181,"POL","Poland",4,"Kuyavian-Pomeranian",74,"Znin","",NA,"","Powiat","County","","Powiat Zninski"
75,181,"POL","Poland",4,"Kuyavian-Pomeranian",75,"Aleksandrów","",NA,"","Powiat","County","","Powiat Aleksandrowski"
76,181,"POL","Poland",4,"Kuyavian-Pomeranian",76,"Swiecie","",NA,"","Powiat","County","","Powiat Swiecki"
77,181,"POL","Poland",4,"Kuyavian-Pomeranian",77,"Brodnica","",NA,"","Powiat","County","","Powiat Brodnicki"
78,181,"POL","Poland",4,"Kuyavian-Pomeranian",78,"Bydgoszcz City","",NA,"","Powiat","City","","Bromberg|Bydgostia"
79,181,"POL","Poland",4,"Kuyavian-Pomeranian",79,"Bydgoszcz","",NA,"","Powiat","County","","Powiat Bydgoski"
80,181,"POL","Poland",4,"Kuyavian-Pomeranian",80,"Chelmno","",NA,"","Powiat","County","","Powiat Chelminski"
81,181,"POL","Poland",4,"Kuyavian-Pomeranian",81,"Golub-Dobrzyn","",NA,"","Powiat","County","","Powiat Golubsko-dobrzynski"
82,181,"POL","Poland",4,"Kuyavian-Pomeranian",82,"Grudziadz City","",NA,"","Powiat","City","","Grudziadz|Graudenz"
83,181,"POL","Poland",4,"Kuyavian-Pomeranian",83,"Grudziadz","",NA,"","Powiat","County","","Powiat Grudziadzki"
84,181,"POL","Poland",4,"Kuyavian-Pomeranian",84,"Inowroclaw","",NA,"","Powiat","County","","Powiat Inowroclawski"
85,181,"POL","Poland",4,"Kuyavian-Pomeranian",85,"Lipno","",NA,"","Powiat","County","","Powiat Lipnowski"
86,181,"POL","Poland",4,"Kuyavian-Pomeranian",86,"Mogilno","",NA,"","Powiat","County","","Powiat Mogilenski"
87,181,"POL","Poland",4,"Kuyavian-Pomeranian",87,"Naklo","",NA,"","Powiat","County","","Powiat Nakielski"
88,181,"POL","Poland",4,"Kuyavian-Pomeranian",88,"Radziejów","",NA,"","Powiat","County","","Powiat Radziejowski"
89,181,"POL","Poland",4,"Kuyavian-Pomeranian",89,"Rypin","",NA,"","Powiat","County","","Powiat Rypinski"
90,181,"POL","Poland",4,"Kuyavian-Pomeranian",90,"Sepólno","",NA,"","Powiat","County","","Powiat Sepolenski"
91,181,"POL","Poland",4,"Kuyavian-Pomeranian",91,"Torun City","",NA,"","Powiat","City","","Thorn"
92,181,"POL","Poland",4,"Kuyavian-Pomeranian",92,"Torun","",NA,"","Powiat","County","","Powiat Torunski"
93,181,"POL","Poland",4,"Kuyavian-Pomeranian",93,"Tuchola","",NA,"","Powiat","County","","Powiat Tucholski"
94,181,"POL","Poland",4,"Kuyavian-Pomeranian",94,"Wloclawek City","",NA,"","Powiat","City","","Leslau"
95,181,"POL","Poland",4,"Kuyavian-Pomeranian",95,"Wloclawek","",NA,"","Powiat","County","","Powiat Wloclawski"
96,181,"POL","Poland",4,"Kuyavian-Pomeranian",96,"Wabrzezno","",NA,"","Powiat","County","","Powiat Wabrzeski"
97,181,"POL","Poland",5,"Lesser Poland",97,"Bochnia","",NA,"","Powiat","County","","Powiat Bochenski"
98,181,"POL","Poland",5,"Lesser Poland",98,"Brzesko|Brzeg","",NA,"","Powiat","County","","Powiat Brzeski"
99,181,"POL","Poland",5,"Lesser Poland",99,"Chrzanów","",NA,"","Powiat","County","","Powiat Chrzanowski"
100,181,"POL","Poland",5,"Lesser Poland",100,"Dabrowa","",NA,"","Powiat","County","","Powiat Dabrowski"
101,181,"POL","Poland",5,"Lesser Poland",101,"Gorlice","",NA,"","Powiat","County","","Powiat Gorlicki"
102,181,"POL","Poland",5,"Lesser Poland",102,"Kraków City","",NA,"","Powiat","City","","Krakau|Krakuf"
103,181,"POL","Poland",5,"Lesser Poland",103,"Kraków","",NA,"","Powiat","County","","Powiat Krakowski"
104,181,"POL","Poland",5,"Lesser Poland",104,"Limanowa","",NA,"","Powiat","County","","Powiat Limanowski"
105,181,"POL","Poland",5,"Lesser Poland",105,"Miechów","",NA,"","Powiat","County","","Powiat Miechowski"
106,181,"POL","Poland",5,"Lesser Poland",106,"Myslenice","",NA,"","Powiat","County","","Powiat Myslenicki"
107,181,"POL","Poland",5,"Lesser Poland",107,"Nowy Sacz City","",NA,"","Powiat","City","","Neu Sandez"
108,181,"POL","Poland",5,"Lesser Poland",108,"Nowy Sacz","",NA,"","Powiat","County","","Powiat Nowosadecki"
109,181,"POL","Poland",5,"Lesser Poland",109,"Nowy Targ","",NA,"","Powiat","County","","Powiat Nowotarski"
110,181,"POL","Poland",5,"Lesser Poland",110,"Oswiecim","",NA,"","Powiat","County","","Powiat Oswiecimski"
111,181,"POL","Poland",5,"Lesser Poland",111,"Olkusz","",NA,"","Powiat","County","","Powiat Olkuski"
112,181,"POL","Poland",5,"Lesser Poland",112,"Proszowice","",NA,"","Powiat","County","","Powiat Proszowicki"
113,181,"POL","Poland",5,"Lesser Poland",113,"Sucha","",NA,"","Powiat","County","","Powiat Suski"
114,181,"POL","Poland",5,"Lesser Poland",114,"Tarnów City","",NA,"","Powiat","City","","Tarnau"
115,181,"POL","Poland",5,"Lesser Poland",115,"Tarnów","",NA,"","Powiat","County","","Powiat Tarnowski"
116,181,"POL","Poland",5,"Lesser Poland",116,"Tatra","",NA,"","Powiat","County","","Powiat Tatrzanski"
117,181,"POL","Poland",5,"Lesser Poland",117,"Wadowice","",NA,"","Powiat","County","","Powiat Wadowicki"
118,181,"POL","Poland",5,"Lesser Poland",118,"Wieliczka","",NA,"","Powiat","County","","Powiat Wielicki"
119,181,"POL","Poland",6,"Lower Silesian",119,"Sroda Slaska","",NA,"","Powiat","County","","Powiat Sredzki"
120,181,"POL","Poland",6,"Lower Silesian",120,"Swidnica","",NA,"","Powiat","County","","Powiat Swidnicki"
121,181,"POL","Poland",6,"Lower Silesian",121,"Boleslawiec","",NA,"","Powiat","County","","Powiat Boleslawiecki"
122,181,"POL","Poland",6,"Lower Silesian",122,"Dzierzoniów","",NA,"","Powiat","County","","Powiat Dzierzoniowski"
123,181,"POL","Poland",6,"Lower Silesian",123,"Glogów","",NA,"","Powiat","County","","Powiat Glogowski"
124,181,"POL","Poland",6,"Lower Silesian",124,"Góra","",NA,"","Powiat","County","","Powiat Górowski"
125,181,"POL","Poland",6,"Lower Silesian",125,"Jawor","",NA,"","Powiat","County","","Powiat Jaworski"
126,181,"POL","Poland",6,"Lower Silesian",126,"Jelenia Góra City","",NA,"","Powiat","City","","Hirschberg im Riesengebirge"
127,181,"POL","Poland",6,"Lower Silesian",127,"Jelenia Góra","",NA,"","Powiat","County","","Powiat Jeleniogórski"
128,181,"POL","Poland",6,"Lower Silesian",128,"Klodzko","",NA,"","Powiat","County","","Powiat Klodzki"
129,181,"POL","Poland",6,"Lower Silesian",129,"Kamienna","",NA,"","Powiat","County","","Powiat Kamiennogórski"
130,181,"POL","Poland",6,"Lower Silesian",130,"Legnica","",NA,"","Powiat","County","","Powiat Legnicki"
131,181,"POL","Poland",6,"Lower Silesian",131,"Luban","",NA,"","Powiat","County","","Powiat Lubanski"
132,181,"POL","Poland",6,"Lower Silesian",132,"Lubin","",NA,"","Powiat","County","","Powiat Lubinski"
133,181,"POL","Poland",6,"Lower Silesian",133,"Lwówek Slaski","",NA,"","Powiat","County","","Powiat Lwówecki"
134,181,"POL","Poland",6,"Lower Silesian",134,"Milicz","",NA,"","Powiat","County","","Powiat Milicki"
135,181,"POL","Poland",6,"Lower Silesian",135,"Olawa","",NA,"","Powiat","County","","Powiat Olawski"
136,181,"POL","Poland",6,"Lower Silesian",136,"Olesnica","",NA,"","Powiat","County","","Powiat Olesnicki"
137,181,"POL","Poland",6,"Lower Silesian",137,"Polkowice","",NA,"","Powiat","County","","Powiat Polkowicki"
138,181,"POL","Poland",6,"Lower Silesian",138,"Strzelin","",NA,"","Powiat","County","","Powiat Strzelinski"
139,181,"POL","Poland",6,"Lower Silesian",139,"Trzebnica","",NA,"","Powiat","County","","Powiat Trzebnicki"
140,181,"POL","Poland",6,"Lower Silesian",140,"Walbrzych","",NA,"","Powiat","County","","Powiat Walbrzyski"
141,181,"POL","Poland",6,"Lower Silesian",141,"Wolów","",NA,"","Powiat","County","","Powiat Wolowski"
142,181,"POL","Poland",6,"Lower Silesian",142,"Wroclaw","",NA,"","Powiat","County","","Powiat Wroclawski"
143,181,"POL","Poland",6,"Lower Silesian",143,"Zlotoryja","",NA,"","Powiat","County","","Powiat Zlotoryjski"
144,181,"POL","Poland",6,"Lower Silesian",144,"Zabkowice","",NA,"","Powiat","County","","Powiat Zabkowicki"
145,181,"POL","Poland",6,"Lower Silesian",145,"Zgorzelec","",NA,"","Powiat","County","","Powiat Zgorzelecki"
146,181,"POL","Poland",7,"Lublin",146,"Leczna","",NA,"","Powiat","County","","Powiat Leczynski"
147,181,"POL","Poland",7,"Lublin",147,"Luków","",NA,"","Powiat","County","","Powiat Lukowski"
148,181,"POL","Poland",7,"Lublin",148,"Swidnik","",NA,"","Powiat","County","","Powiat Swidnicki"
149,181,"POL","Poland",7,"Lublin",149,"Bilgoraj","",NA,"","Powiat","County","","Powiat Bilgorajski"
150,181,"POL","Poland",7,"Lublin",150,"Biala Podlaska City","",NA,"","Powiat","City","",""
151,181,"POL","Poland",7,"Lublin",151,"Biala Podlaska","",NA,"","Powiat","County","","Powiat Bialski"
152,181,"POL","Poland",7,"Lublin",152,"Chelm City","",NA,"","Powiat","City","","Kholm"
153,181,"POL","Poland",7,"Lublin",153,"Chelm","",NA,"","Powiat","County","","Powiat Chelmski"
154,181,"POL","Poland",7,"Lublin",154,"Hrubieszów","",NA,"","Powiat","County","","Powiat Hrubieszowski"
155,181,"POL","Poland",7,"Lublin",155,"Janów","",NA,"","Powiat","County","","Powiat Janowski"
156,181,"POL","Poland",7,"Lublin",156,"Krasnik","",NA,"","Powiat","County","","Powiat Krasnicki"
157,181,"POL","Poland",7,"Lublin",157,"Krasnystaw","",NA,"","Powiat","County","","Powiat Krasnostawski"
158,181,"POL","Poland",7,"Lublin",158,"Lubartów","",NA,"","Powiat","County","","Powiat Lubartowski"
159,181,"POL","Poland",7,"Lublin",159,"Lublin City","",NA,"","Powiat","City","",""
160,181,"POL","Poland",7,"Lublin",160,"Lublin","",NA,"","Powiat","County","","Powiat Lubelski"
161,181,"POL","Poland",7,"Lublin",161,"Opole Lubelskie","",NA,"","Powiat","County","","Powiat Opolski"
162,181,"POL","Poland",7,"Lublin",162,"Parczew","",NA,"","Powiat","County","","Powiat Parczewski"
163,181,"POL","Poland",7,"Lublin",163,"Pulawy","",NA,"","Powiat","County","","Powiat Pulawski"
164,181,"POL","Poland",7,"Lublin",164,"Radzyn","",NA,"","Powiat","County","","Powiat Radzynski"
165,181,"POL","Poland",7,"Lublin",165,"Ryki","",NA,"","Powiat","County","","Powiat Rycki"
166,181,"POL","Poland",7,"Lublin",166,"Tomaszów","",NA,"","Powiat","County","","Powiat Tomaszowski"
167,181,"POL","Poland",7,"Lublin",167,"Wlodawa","",NA,"","Powiat","County","","Powiat Wlodawski"
168,181,"POL","Poland",7,"Lublin",168,"Zamosc City","",NA,"","Powiat","City","",""
169,181,"POL","Poland",7,"Lublin",169,"Zamosc","",NA,"","Powiat","County","","Powiat Zamojski"
170,181,"POL","Poland",8,"Lubusz",170,"Zagan","",NA,"","Powiat","County","","Powiat Zaganski"
171,181,"POL","Poland",8,"Lubusz",171,"Zary","",NA,"","Powiat","County","","Powiat Zarski"
172,181,"POL","Poland",8,"Lubusz",172,"Swiebodzin","",NA,"","Powiat","County","","Powiat Swiebodzinski"
173,181,"POL","Poland",8,"Lubusz",173,"Gorzów Wielkopolski","",NA,"","Powiat","City","","Landsberg an der Warthe"
174,181,"POL","Poland",8,"Lubusz",174,"Gorzów","",NA,"","Powiat","County","","Powiat Gorzowski"
175,181,"POL","Poland",8,"Lubusz",175,"Krosno Odrzanskie","",NA,"","Powiat","County","","Powiat Krosnienski"
176,181,"POL","Poland",8,"Lubusz",176,"Miedzyrzecz","",NA,"","Powiat","County","","Powiat Miedzyrzecki"
177,181,"POL","Poland",8,"Lubusz",177,"Nowa Sól","",NA,"","Powiat","County","","Powiat Nowosolski"
178,181,"POL","Poland",8,"Lubusz",178,"Slubice","",NA,"","Powiat","County","","Powiat Slubicki"
179,181,"POL","Poland",8,"Lubusz",179,"Strzelce-Drezdenko","",NA,"","Powiat","County","","Powiat Strzelecko-drezdenecki"
180,181,"POL","Poland",8,"Lubusz",180,"Sulecin","",NA,"","Powiat","County","","Powiat Sulecinski"
181,181,"POL","Poland",8,"Lubusz",181,"Wschowa","",NA,"","Powiat","County","","Powiat Wschowski"
182,181,"POL","Poland",8,"Lubusz",182,"Zielona Góra","",NA,"","Powiat","County","","Powiat Zielonogórski"
183,181,"POL","Poland",8,"Lubusz",183,"Zielona","",NA,"","Powiat","City","","Grünberg in Schlesien"
184,181,"POL","Poland",9,"Masovian",184,"Zuromin","",NA,"","Powiat","County","","Powiat Zurominski"
185,181,"POL","Poland",9,"Masovian",185,"Zyrardów","",NA,"","Powiat","County","","Powiat Zyrardowski"
186,181,"POL","Poland",9,"Masovian",186,"Losice","",NA,"","Powiat","County","","Powiat Losicki"
187,181,"POL","Poland",9,"Masovian",187,"Bialobrzegi","",NA,"","Powiat","County","","Powiat Bialobrzeski"
188,181,"POL","Poland",9,"Masovian",188,"Ciechanów","",NA,"","Powiat","County","","Powiat Ciechanowski"
189,181,"POL","Poland",9,"Masovian",189,"Garwolin","",NA,"","Powiat","County","","Powiat Garwolinski"
190,181,"POL","Poland",9,"Masovian",190,"Gostynin","",NA,"","Powiat","County","","Powiat Gostyninski"
191,181,"POL","Poland",9,"Masovian",191,"Grójec","",NA,"","Powiat","County","","Powiat Grójecki"
192,181,"POL","Poland",9,"Masovian",192,"Grodzisk Mazowiecki","",NA,"","Powiat","County","","Powiat Grodziski"
193,181,"POL","Poland",9,"Masovian",193,"Kozienice","",NA,"","Powiat","County","","Powiat Kozienicki"
194,181,"POL","Poland",9,"Masovian",194,"Legionowo","",NA,"","Powiat","County","","Legionowski"
195,181,"POL","Poland",9,"Masovian",195,"Lipsko","",NA,"","Powiat","County","","Powiat Lipski|Lipski"
196,181,"POL","Poland",9,"Masovian",196,"Mlawa","",NA,"","Powiat","County","","Powiat Mlawski"
197,181,"POL","Poland",9,"Masovian",197,"Maków","",NA,"","Powiat","County","","Powiat Makowski"
198,181,"POL","Poland",9,"Masovian",198,"Minsk","",NA,"","Powiat","County","","Powiat Minski"
199,181,"POL","Poland",9,"Masovian",199,"Nowy Dwór Mazowiecki","",NA,"","Powiat","County","","Powiat Nowodworski"
200,181,"POL","Poland",9,"Masovian",200,"Ostrów Mazowiecka","",NA,"","Powiat","County","","Powiat Ostrowski"
201,181,"POL","Poland",9,"Masovian",201,"Ostroleka City","",NA,"","Powiat","City","",""
202,181,"POL","Poland",9,"Masovian",202,"Ostroleka","",NA,"","Powiat","County","","Powiat Ostrolecki"
203,181,"POL","Poland",9,"Masovian",203,"Otwock","",NA,"","Powiat","County","","Powiat Otwocki"
204,181,"POL","Poland",9,"Masovian",204,"Plonsk","",NA,"","Powiat","County","","Powiat Plonski"
205,181,"POL","Poland",9,"Masovian",205,"Plock City","",NA,"","Powiat","City","",""
206,181,"POL","Poland",9,"Masovian",206,"Plock","",NA,"","Powiat","County","","Powiat Plocki"
207,181,"POL","Poland",9,"Masovian",207,"Piaseczno","",NA,"","Powiat","County","","Powiat Piaseczynski"
208,181,"POL","Poland",9,"Masovian",208,"Pruszków","",NA,"","Powiat","County","","Powiat Pruszkowski"
209,181,"POL","Poland",9,"Masovian",209,"Przasnysz","",NA,"","Powiat","County","","Powiat Przasnyski"
210,181,"POL","Poland",9,"Masovian",210,"Przysucha","",NA,"","Powiat","County","","Powiat Przysuski"
211,181,"POL","Poland",9,"Masovian",211,"Pultusk","",NA,"","Powiat","County","","Powiat Pultuski"
212,181,"POL","Poland",9,"Masovian",212,"Radom City","",NA,"","Powiat","City","",""
213,181,"POL","Poland",9,"Masovian",213,"Radom","",NA,"","Powiat","County","","Powiat Radomski"
214,181,"POL","Poland",9,"Masovian",214,"Siedlce City","",NA,"","Powiat","City","","Shedlits"
215,181,"POL","Poland",9,"Masovian",215,"Siedlce","",NA,"","Powiat","County","","Powiat Siedlecki"
216,181,"POL","Poland",9,"Masovian",216,"Sierpc","",NA,"","Powiat","County","","Powiat Sierpecki"
217,181,"POL","Poland",9,"Masovian",217,"Sochaczew","",NA,"","Powiat","County","","Powiat Sochaczewski"
218,181,"POL","Poland",9,"Masovian",218,"Sokolów","",NA,"","Powiat","County","","Powiat Sokolowski"
219,181,"POL","Poland",9,"Masovian",219,"Szydlowiec","",NA,"","Powiat","County","","Powiat Szydlowiecki"
220,181,"POL","Poland",9,"Masovian",220,"Warsaw West","",NA,"","Powiat","County","","Warszawski zachodni"
221,181,"POL","Poland",9,"Masovian",221,"Warsaw","",NA,"","Powiat","City","","Powiat Warszawa"
222,181,"POL","Poland",9,"Masovian",222,"Wegrów","",NA,"","Powiat","County","","Powiat Wegrowski"
223,181,"POL","Poland",9,"Masovian",223,"Wolomin","",NA,"","Powiat","County","","Powiat Wolominski"
224,181,"POL","Poland",9,"Masovian",224,"Wyszków","",NA,"","Powiat","County","","Powiat Wyszkowski"
225,181,"POL","Poland",9,"Masovian",225,"Zwolen","",NA,"","Powiat","County","","Powiat Zwolenski"
226,181,"POL","Poland",10,"Opole",226,"Brzeg","",NA,"","Powiat","County","","Powiat Brzeski"
227,181,"POL","Poland",10,"Opole",227,"Glubczyce","",NA,"","Powiat","County","","Powiat Glubczycki"
228,181,"POL","Poland",10,"Opole",228,"Kedzierzyn-Kozle","",NA,"","Powiat","County","","Powiat Kedzierzynsko-kozielski"
229,181,"POL","Poland",10,"Opole",229,"Kluczbork","",NA,"","Powiat","County","","Powiat Kluczborski"
230,181,"POL","Poland",10,"Opole",230,"Krapkowice","",NA,"","Powiat","County","","Powiat Krapkowicki"
231,181,"POL","Poland",10,"Opole",231,"Namyslów","",NA,"","Powiat","County","","Powiat Namyslowski"
232,181,"POL","Poland",10,"Opole",232,"Nysa","",NA,"","Powiat","County","","Powiat Nyski"
233,181,"POL","Poland",10,"Opole",233,"Olesno","",NA,"","Powiat","County","","Powiat Oleski"
234,181,"POL","Poland",10,"Opole",234,"Ople","",NA,"","Powiat","City","","Oppeln"
235,181,"POL","Poland",10,"Opole",235,"Opole","",NA,"","Powiat","County","","Powiat Opolski"
236,181,"POL","Poland",10,"Opole",236,"Prudnik","",NA,"","Powiat","County","","Powiat Prudnicki"
237,181,"POL","Poland",10,"Opole",237,"Strzelce","",NA,"","Powiat","County","","Powiat Strzelecki"
238,181,"POL","Poland",11,"Podlachian",238,"Lomza City","",NA,"","Powiat","City","",""
239,181,"POL","Poland",11,"Podlachian",239,"Lomza","",NA,"","Powiat","County","","Powiat Lomzynski"
240,181,"POL","Poland",11,"Podlachian",240,"Augustów","",NA,"","Powiat","County","","Powiat Augustowski"
241,181,"POL","Poland",11,"Podlachian",241,"Bialystok City","",NA,"","Powiat","City","",""
242,181,"POL","Poland",11,"Podlachian",242,"Bialystok","",NA,"","Powiat","County","","Powiat Bialostocki"
243,181,"POL","Poland",11,"Podlachian",243,"Bielsk","",NA,"","Powiat","County","","Powiat Bielski"
244,181,"POL","Poland",11,"Podlachian",244,"Grajewo","",NA,"","Powiat","County","","Powiat Grajewski"
245,181,"POL","Poland",11,"Podlachian",245,"Hajnówka","",NA,"","Powiat","County","","Powiat Hajnowski"
246,181,"POL","Poland",11,"Podlachian",246,"Kolno","",NA,"","Powiat","County","","Powiat Kolnenski"
247,181,"POL","Poland",11,"Podlachian",247,"Monki","",NA,"","Powiat","County","","Powiat Moniecki"
248,181,"POL","Poland",11,"Podlachian",248,"Sejny","",NA,"","Powiat","County","","Powiat Sejnenski"
249,181,"POL","Poland",11,"Podlachian",249,"Siemiatycze","",NA,"","Powiat","County","","Powiat Siemiatycki"
250,181,"POL","Poland",11,"Podlachian",250,"Sokólka","",NA,"","Powiat","County","","Powiat Sokólski"
251,181,"POL","Poland",11,"Podlachian",251,"Suwalki City","",NA,"","Powiat","City","","Suvalkai|Suwalk|Suwalken"
252,181,"POL","Poland",11,"Podlachian",252,"Suwalki","",NA,"","Powiat","County","","Powiat Suwalski"
253,181,"POL","Poland",11,"Podlachian",253,"Wysokie Mazowieckie","",NA,"","Powiat","County","","Powiat Wysokomazowiecki"
254,181,"POL","Poland",11,"Podlachian",254,"Zambrów","",NA,"","Powiat","County","","Powiat Zambrowski"
255,181,"POL","Poland",12,"Pomeranian",255,"Bytów","",NA,"","Powiat","County","","Powiat Bytowski"
256,181,"POL","Poland",12,"Pomeranian",256,"Chojnice","",NA,"","Powiat","County","","Powiat Chojnicki"
257,181,"POL","Poland",12,"Pomeranian",257,"Czluchów","",NA,"","Powiat","County","","Powiat Czluchowski"
258,181,"POL","Poland",12,"Pomeranian",258,"Gdansk City","",NA,"","Powiat","City","","Gdunsk|Gdunsk"
259,181,"POL","Poland",12,"Pomeranian",259,"Gdansk","",NA,"","Powiat","County","","Powiat Gdanski"
260,181,"POL","Poland",12,"Pomeranian",260,"Gdynia","",NA,"","Powiat","City","","Gdingen|Gotenhafen|Gdiniô"
261,181,"POL","Poland",12,"Pomeranian",261,"Kartuzy","",NA,"","Powiat","County","","Powiat Kartuski"
262,181,"POL","Poland",12,"Pomeranian",262,"Koscierzyna","",NA,"","Powiat","County","","Powiat Koscierski"
263,181,"POL","Poland",12,"Pomeranian",263,"Kwidzyn","",NA,"","Powiat","County","","Powiat Kwidzynski"
264,181,"POL","Poland",12,"Pomeranian",264,"Lebork","",NA,"","Powiat","County","","Powiat Leborski"
265,181,"POL","Poland",12,"Pomeranian",265,"Malbork","",NA,"","Powiat","County","","Powiat Malborski"
266,181,"POL","Poland",12,"Pomeranian",266,"Nowy Dwór Gdanski","",NA,"","Powiat","County","","Powiat Nowodworski"
267,181,"POL","Poland",12,"Pomeranian",267,"Puck","",NA,"","Powiat","County","","Powiat Pucki"
268,181,"POL","Poland",12,"Pomeranian",268,"Slupsk City","",NA,"","Powiat","City","","Stolp in Pommern|Stolpe"
269,181,"POL","Poland",12,"Pomeranian",269,"Slupsk","",NA,"","Powiat","County","","Powiat Slupski"
270,181,"POL","Poland",12,"Pomeranian",270,"Sopot","",NA,"","Powiat","City","","Zoppot|Sopòt"
271,181,"POL","Poland",12,"Pomeranian",271,"Starogard","",NA,"","Powiat","County","","Powiat Starogardzki"
272,181,"POL","Poland",12,"Pomeranian",272,"Sztum","",NA,"","Powiat","County","","Powiat Sztumski"
273,181,"POL","Poland",12,"Pomeranian",273,"Tczew","",NA,"","Powiat","County","","Powiat Tczewski"
274,181,"POL","Poland",12,"Pomeranian",274,"Wejherowo","",NA,"","Powiat","County","","Powiat Wejherowski"
275,181,"POL","Poland",13,"Silesian",275,"Zory","",NA,"","Powiat","City","","Sohrau"
276,181,"POL","Poland",13,"Silesian",276,"Zywiec","",NA,"","Powiat","County","","Powiat Zywiecki"
277,181,"POL","Poland",13,"Silesian",277,"Swietochlowice","",NA,"","Powiat","City","","Schwientochlowitz|Schwingen"
278,181,"POL","Poland",13,"Silesian",278,"Bedzin","",NA,"","Powiat","County","","Powiat Bedzinski"
279,181,"POL","Poland",13,"Silesian",279,"Bielsko-Biala","",NA,"","Powiat","City","","Bílsko-Belá|Bielitz-Biala"
280,181,"POL","Poland",13,"Silesian",280,"Bielsko","",NA,"","Powiat","County","","Powiat Bielski"
281,181,"POL","Poland",13,"Silesian",281,"Bierun-Ledziny","",NA,"","Powiat","County","","Powiat Bierunsko-ledzinski"
282,181,"POL","Poland",13,"Silesian",282,"Bytom","",NA,"","Powiat","City","","Beuthen"
283,181,"POL","Poland",13,"Silesian",283,"Chorzów","",NA,"","Powiat","City","","Königshütte"
284,181,"POL","Poland",13,"Silesian",284,"Cieszyn","",NA,"","Powiat","County","","Powiat Cieszynski"
285,181,"POL","Poland",13,"Silesian",285,"Czestochowa City","",NA,"","Powiat","City","","Censtochová|Tschenstochau|Chenstekhov"
286,181,"POL","Poland",13,"Silesian",286,"Czestochowa","",NA,"","Powiat","County","","Powiat Czestochowski"
287,181,"POL","Poland",13,"Silesian",287,"Dabrowa Górnicza","",NA,"","Powiat","City","",""
288,181,"POL","Poland",13,"Silesian",288,"Gliwice City","",NA,"","Powiat","City","",""
289,181,"POL","Poland",13,"Silesian",289,"Gliwice","",NA,"","Powiat","County","","Powiat Gliwicki"
290,181,"POL","Poland",13,"Silesian",290,"Jastrzebie-Zdrój","",NA,"","Powiat","City","",""
291,181,"POL","Poland",13,"Silesian",291,"Jaworzno","",NA,"","Powiat","City","","Arnshalde|Javožno"
292,181,"POL","Poland",13,"Silesian",292,"Klobuck","",NA,"","Powiat","County","","Powiat Klobucki"
293,181,"POL","Poland",13,"Silesian",293,"Katowice City","",NA,"","Powiat","City","","Kattowitz|Katovice"
294,181,"POL","Poland",13,"Silesian",294,"Lubliniec","",NA,"","Powiat","County","","Powiat Lubliniecki"
295,181,"POL","Poland",13,"Silesian",295,"Mikolów","",NA,"","Powiat","County","","Powiat Mikolowski"
296,181,"POL","Poland",13,"Silesian",296,"Myslowice","",NA,"","Powiat","City","",""
297,181,"POL","Poland",13,"Silesian",297,"Myszków","",NA,"","Powiat","County","","Powiat Myszkowski"
298,181,"POL","Poland",13,"Silesian",298,"Piekary Slaskie","",NA,"","Powiat","City","","Deutsch Piekar"
299,181,"POL","Poland",13,"Silesian",299,"Pszczyna","",NA,"","Powiat","County","","Powiat Pszczynski"
300,181,"POL","Poland",13,"Silesian",300,"Racibórz","",NA,"","Powiat","County","","Powiat Raciborski"
301,181,"POL","Poland",13,"Silesian",301,"Ruda Slaska","",NA,"","Powiat","City","",""
302,181,"POL","Poland",13,"Silesian",302,"Rybnik City","",NA,"","Powiat","City","","Ribnik"
303,181,"POL","Poland",13,"Silesian",303,"Rybnik","",NA,"","Powiat","County","","Powiat Rybnicki"
304,181,"POL","Poland",13,"Silesian",304,"Siemianowice Slaskie","",NA,"","Powiat","City","","Siemianowitz|Laurahütte"
305,181,"POL","Poland",13,"Silesian",305,"Sosnowiec","",NA,"","Powiat","City","",""
306,181,"POL","Poland",13,"Silesian",306,"Tarnowskie","",NA,"","Powiat","County","","Powiat Tarnogórski"
307,181,"POL","Poland",13,"Silesian",307,"Tychy City","",NA,"","Powiat","City","","Tichau"
308,181,"POL","Poland",13,"Silesian",308,"Wodzislaw","",NA,"","Powiat","County","","Powiat Wodzislawski"
309,181,"POL","Poland",13,"Silesian",309,"Zabrze","",NA,"","Powiat","City","",""
310,181,"POL","Poland",13,"Silesian",310,"Zawiercie","",NA,"","Powiat","County","","Powiat Zawiercianski"
311,181,"POL","Poland",14,"Subcarpathian",311,"Lancut","",NA,"","Powiat","County","","Powiat Lancucki"
312,181,"POL","Poland",14,"Subcarpathian",312,"Bieszczady","",NA,"","Powiat","County","","Powiat Bieszczadzki"
313,181,"POL","Poland",14,"Subcarpathian",313,"Brzozów","",NA,"","Powiat","County","","Powiat Brzozowski"
314,181,"POL","Poland",14,"Subcarpathian",314,"Debica","",NA,"","Powiat","County","","Powiat Debicki"
315,181,"POL","Poland",14,"Subcarpathian",315,"Jaroslaw","",NA,"","Powiat","County","","Powiat Jaroslawski"
316,181,"POL","Poland",14,"Subcarpathian",316,"Jaslo","",NA,"","Powiat","County","","Powiat Jasielski"
317,181,"POL","Poland",14,"Subcarpathian",317,"Kolbuszowa","",NA,"","Powiat","County","","Powiat Kolbuszowski"
318,181,"POL","Poland",14,"Subcarpathian",318,"Krosno City","",NA,"","Powiat","City","","Grozki Krosnienski"
319,181,"POL","Poland",14,"Subcarpathian",319,"Krosno","",NA,"","Powiat","County","","Powiat Krosnienski"
320,181,"POL","Poland",14,"Subcarpathian",320,"Lezajsk","",NA,"","Powiat","County","","Powiat Lezajski"
321,181,"POL","Poland",14,"Subcarpathian",321,"Lesko","",NA,"","Powiat","County","","Powiat Leski"
322,181,"POL","Poland",14,"Subcarpathian",322,"Lubaczów","",NA,"","Powiat","County","","Powiat Lubaczowski"
323,181,"POL","Poland",14,"Subcarpathian",323,"Mielec","",NA,"","Powiat","County","","Powiat Mielecki"
324,181,"POL","Poland",14,"Subcarpathian",324,"Nisko","",NA,"","Powiat","County","","Powiat Nizanski"
325,181,"POL","Poland",14,"Subcarpathian",325,"Przemysl City","",NA,"","Powiat","City","","Grodzki Przemyski|Prömsel"
326,181,"POL","Poland",14,"Subcarpathian",326,"Przemysl","",NA,"","Powiat","County","","Powiat Przemyski"
327,181,"POL","Poland",14,"Subcarpathian",327,"Przeworsk","",NA,"","Powiat","County","","Powiat Przeworski"
328,181,"POL","Poland",14,"Subcarpathian",328,"Ropczyce-Sedziszów","",NA,"","Powiat","County","","Powiat Ropczycko-sedziszowski"
329,181,"POL","Poland",14,"Subcarpathian",329,"Rzeszów City","",NA,"","Powiat","City","","Grozki Rzeszówski"
330,181,"POL","Poland",14,"Subcarpathian",330,"Rzeszów","",NA,"","Powiat","County","","Powiat Rzeszowski"
331,181,"POL","Poland",14,"Subcarpathian",331,"Sanok","",NA,"","Powiat","County","","Powiat Sanocki"
332,181,"POL","Poland",14,"Subcarpathian",332,"Stalowa Wola","",NA,"","Powiat","County","","Powiat Stalowowolski"
333,181,"POL","Poland",14,"Subcarpathian",333,"Strzyzów","",NA,"","Powiat","County","","Powiat Strzyzowski"
334,181,"POL","Poland",14,"Subcarpathian",334,"Tarnobrzeg City","",NA,"","Powiat","City","","Grodzki Tarnobrzeski"
335,181,"POL","Poland",14,"Subcarpathian",335,"Tarnobrzeg","",NA,"","Powiat","County","","Powiat Tarnobrzeski"
336,181,"POL","Poland",15,"Warmian-Masurian",336,"Bartoszyce","",NA,"","Powiat","County","","Powiat Bartoszycki"
337,181,"POL","Poland",15,"Warmian-Masurian",337,"Braniewo","",NA,"","Powiat","County","","Powiat Braniewski"
338,181,"POL","Poland",15,"Warmian-Masurian",338,"Dzialdowo","",NA,"","Powiat","County","","Powiat Dzialdowski"
339,181,"POL","Poland",15,"Warmian-Masurian",339,"Elk","",NA,"","Powiat","County","","Powiat Elcki"
340,181,"POL","Poland",15,"Warmian-Masurian",340,"Elblag","",NA,"","Powiat","County","","Powiat Elblaski"
341,181,"POL","Poland",15,"Warmian-Masurian",341,"Gizycko","",NA,"","Powiat","County","","Powiat Gizycki"
342,181,"POL","Poland",15,"Warmian-Masurian",342,"Goldap","",NA,"","Powiat","County","","Powiat Goldapski"
343,181,"POL","Poland",15,"Warmian-Masurian",343,"Ilawa","",NA,"","Powiat","County","","Powiat Ilawski"
344,181,"POL","Poland",15,"Warmian-Masurian",344,"Ketrzyn","",NA,"","Powiat","County","","Powiat Ketrzynski"
345,181,"POL","Poland",15,"Warmian-Masurian",345,"Lidzbark","",NA,"","Powiat","County","","Powiat Lidzbarski"
346,181,"POL","Poland",15,"Warmian-Masurian",346,"Mragowo","",NA,"","Powiat","County","","Powiat Mragowski"
347,181,"POL","Poland",15,"Warmian-Masurian",347,"Nidzica","",NA,"","Powiat","County","","Powiat Nidzicki"
348,181,"POL","Poland",15,"Warmian-Masurian",348,"Nowe Miasto Lubawskie","",NA,"","Powiat","County","","Powiat Nowomiejski"
349,181,"POL","Poland",15,"Warmian-Masurian",349,"Olecko","",NA,"","Powiat","County","","Powiat Olecki"
350,181,"POL","Poland",15,"Warmian-Masurian",350,"Olsztyn City","",NA,"","Powiat","City","","Allenstein|Alnasteini"
351,181,"POL","Poland",15,"Warmian-Masurian",351,"Olsztyn","",NA,"","Powiat","County","","Powiat Olsztynski"
352,181,"POL","Poland",15,"Warmian-Masurian",352,"Ostróda","",NA,"","Powiat","County","","Powiat Ostródzki"
353,181,"POL","Poland",15,"Warmian-Masurian",353,"Pisz","",NA,"","Powiat","County","","Powiat Piski"
354,181,"POL","Poland",15,"Warmian-Masurian",354,"Szczytno","",NA,"","Powiat","County","","Powiat Szczycienski"
355,181,"POL","Poland",15,"Warmian-Masurian",355,"Wegorzewo","",NA,"","Powiat","County","","Powiat Wegorzewski"
356,181,"POL","Poland",16,"West Pomeranian",356,"Lobez","",NA,"","Powiat","County","","Powiat Lobeski"
357,181,"POL","Poland",16,"West Pomeranian",357,"Swidwin","",NA,"","Powiat","County","","Powiat Swidwinski"
358,181,"POL","Poland",16,"West Pomeranian",358,"Swinoujscie","",NA,"","Powiat","City","","Swinemünde"
359,181,"POL","Poland",16,"West Pomeranian",359,"Bialogard","",NA,"","Powiat","County","","Powiat Bialogardzki"
360,181,"POL","Poland",16,"West Pomeranian",360,"Choszczno","",NA,"","Powiat","County","","Powiat Choszczenski"
361,181,"POL","Poland",16,"West Pomeranian",361,"Drawsko","",NA,"","Powiat","County","","Powiat Drawski"
362,181,"POL","Poland",16,"West Pomeranian",362,"Goleniów","",NA,"","Powiat","County","","Powiat Goleniowski"
363,181,"POL","Poland",16,"West Pomeranian",363,"Gryfice","",NA,"","Powiat","County","","Powiat Gryficki"
364,181,"POL","Poland",16,"West Pomeranian",364,"Gryfino","",NA,"","Powiat","County","","Powiat Gryfinski"
365,181,"POL","Poland",16,"West Pomeranian",365,"Kamien","",NA,"","Powiat","County","","Powiat Kamienski"
366,181,"POL","Poland",16,"West Pomeranian",366,"Kolobrzeg","",NA,"","Powiat","County","","Powiat Kolobrzeski"
367,181,"POL","Poland",16,"West Pomeranian",367,"Koszalin City","",NA,"","Powiat","City","","Köslin|Kòszalëno|Scurgum"
368,181,"POL","Poland",16,"West Pomeranian",368,"Koszalin","",NA,"","Powiat","County","","Powiat Koszalinski"
369,181,"POL","Poland",16,"West Pomeranian",369,"Myslibórz","",NA,"","Powiat","County","","Powiat Mysliborski"
370,181,"POL","Poland",16,"West Pomeranian",370,"Police","",NA,"","Powiat","County","","Powiat Policki"
371,181,"POL","Poland",16,"West Pomeranian",371,"Pyrzyce","",NA,"","Powiat","County","","Powiat Pyrzycki"
372,181,"POL","Poland",16,"West Pomeranian",372,"Slawno","",NA,"","Powiat","County","","Powiat Slawienski"
373,181,"POL","Poland",16,"West Pomeranian",373,"Stargard","",NA,"","Powiat","County","","Powiat Stargardzki"
374,181,"POL","Poland",16,"West Pomeranian",374,"Szczecinek","",NA,"","Powiat","County","","Powiat Szczecinecki"
375,181,"POL","Poland",16,"West Pomeranian",375,"Szczecin","",NA,"","Powiat","City","","Stettin|Sztetëno|Stetinum"
376,181,"POL","Poland",16,"West Pomeranian",376,"Walcz","",NA,"","Powiat","County","","Powiat Walecki"
